﻿CHAVE DE ACESSO;MODELO;SÉRIE;NÚMERO;NATUREZA DA OPERAÇÃO;DATA EMISSÃO;EVENTO MAIS RECENTE;DATA/HORA EVENTO MAIS RECENTE;CPF/CNPJ Emitente;RAZÃO SOCIAL EMITENTE;INSCRIÇÃO ESTADUAL EMITENTE;UF EMITENTE;MUNICÍPIO EMITENTE;CNPJ DESTINATÁRIO;NOME DESTINATÁRIO;UF DESTINATÁRIO;INDICADOR IE DESTINATÁRIO;DESTINO DA OPERAÇÃO;CONSUMIDOR FINAL;PRESENÇA DO COMPRADOR;VALOR NOTA FISCAL
4,12401E+43;55 - NF-E EMITIDA EM SUBSTITUIÇÃO AO MODELO 1 OU 1A;1;3510129;Outras Entradas - Dev Remessa Escola;18/01/2024 07:10;Autorização de Uso;18/01/2024 07:10;6,26763E+12;COMPANHIA BRASILEIRA DE EDUC. E SIST. DE ENS. S.A - PR OP;9085104702;PR;CURITIBA;3,94429E+11;COMANDO DA AERONAUTICA;PA;CONTRIBUINTE ISENTO;2 - OPERAÇÃO INTERESTADUAL;1 - CONSUMIDOR FINAL;9 - OPERAÇÃO NÃO PRESENCIAL, OUTROS;522.5
5,02401E+43;55 - NF-E EMITIDA EM SUBSTITUIÇÃO AO MODELO 1 OU 1A;1;2525;VENDA DE MERCADORIA FORA DO ESTADO;26/01/2024 11:24;Autorização de Uso;26/01/2024 11:24;2,98439E+13;V CALDI PEREIRA PECAS E SERVICOS DIESEL;284290777;MS;COXIM;9,61585E+12;4 BATALHAO LOGISTICO;RS;NÃO CONTRIBUINTE;2 - OPERAÇÃO INTERESTADUAL;1 - CONSUMIDOR FINAL;1 - OPERAÇÃO PRESENCIAL;499.0
5,02401E+43;55 - NF-E EMITIDA EM SUBSTITUIÇÃO AO MODELO 1 OU 1A;1;5183;Venda de mercadorias;22/01/2024 11:01;Autorização de Uso;22/01/2024 10:01;1,29779E+13;MOSKO LTDA EPP;284058734;MS;CAMPO GRANDE;1,54615E+13;FUNDACAO UNIVERSIDADE FEDERAL DE MS;MS;NÃO CONTRIBUINTE;1 - OPERAÇÃO INTERNA;1 - CONSUMIDOR FINAL;0 - NÃO SE APLICA;337.5
3,52402E+43;55 - NF-E EMITIDA EM SUBSTITUIÇÃO AO MODELO 1 OU 1A;100;17055;REMESSA - ENTREGA FUTURA;30/01/2024 16:15;Autorização de Uso;30/01/2024 16:15;6,11865E+13;EDITORA FTD S.A.;1,0464E+11;SP;SAO PAULO;3,78257E+11;FUNDO NACIONAL DE DESENVOLVIMENTO DA EDUCACAO;DF;NÃO CONTRIBUINTE;2 - OPERAÇÃO INTERESTADUAL;1 - CONSUMIDOR FINAL;9 - OPERAÇÃO NÃO PRESENCIAL, OUTROS;6712.16
3,52401E+43;55 - NF-E EMITIDA EM SUBSTITUIÇÃO AO MODELO 1 OU 1A;1;369180;RETORNO DE MATERIAL DEPOSITADO EM ARMAZEM GERAL;26/01/2024 08:08;Autorização de Uso;26/01/2024 08:26;3,40283E+13;EMPRES BRASILEIRA DE CORREIOS E TELEGRAFOS;1,12389E+11;SP;CAJAMAR;3,78257E+11;FUNDO NACIONAL DE DESENVOLVIMENTO DA EDUCACAO;DF;NÃO CONTRIBUINTE;2 - OPERAÇÃO INTERESTADUAL;1 - CONSUMIDOR FINAL;0 - NÃO SE APLICA;274.56
3,32401E+43;55 - NF-E EMITIDA EM SUBSTITUIÇÃO AO MODELO 1 OU 1A;2;93;Venda mercantil para o Estado;19/01/2024 09:15;Autorização de Uso;19/01/2024 09:18;1,96824E+12;MENMAR COMERCIO DE ALIMENTOS LTDA;86146185;RJ;SAO GONCALO;3,94502E+11;CENTRO DE INST. ALMIRANTE ALEXANDRINO;RJ;NÃO CONTRIBUINTE;1 - OPERAÇÃO INTERNA;0 - NORMAL;1 - OPERAÇÃO PRESENCIAL;642.5
3,32401E+43;55 - NF-E EMITIDA EM SUBSTITUIÇÃO AO MODELO 1 OU 1A;1;17026;Venda de mercadoria adquirida ou recebida de terceiros;26/01/2024 10:48;Autorização de Uso;26/01/2024 10:48;1,10745E+13;NUTRI ALIMENTOS DE NILOPOLIS COMERCIO ATACADISTA LTDA;78909242;RJ;NILOPOLIS;3,94502E+11;COMANDO DA MARINHA;RJ;CONTRIBUINTE ISENTO;1 - OPERAÇÃO INTERNA;1 - CONSUMIDOR FINAL;2 - OPERAÇÃO NÃO PRESENCIAL, PELA INTERNET;509.49
4,22401E+43;55 - NF-E EMITIDA EM SUBSTITUIÇÃO AO MODELO 1 OU 1A;1;342;Venda Fora do Estado;21/01/2024 21:32;Autorização de Uso;21/01/2024 21:32;4,29336E+13;ZENITE COMERCIO E SUPRIMENTOS DE INFORMATICA LTDA;261222082;SC;SANTO AMARO DA IMPERATRIZ;1,06731E+13;INSTITUTO FEDERAL DE EDUCACAO, CIENCIA E TECNOLOGIA- IFMS;MS;NÃO CONTRIBUINTE;2 - OPERAÇÃO INTERESTADUAL;1 - CONSUMIDOR FINAL;2 - OPERAÇÃO NÃO PRESENCIAL, PELA INTERNET;752.4
4,22401E+43;55 - NF-E EMITIDA EM SUBSTITUIÇÃO AO MODELO 1 OU 1A;1;2928;Venda de mercadoria;16/01/2024 16:36;Autorização de Uso;16/01/2024 16:35;1,11425E+13;CLEBER NASCIMENTO DA ROSA EPP;260696803;SC;PASSO DE TORRES;3,94429E+11;COMANDO DA AERONAUTICA;DF;NÃO CONTRIBUINTE;2 - OPERAÇÃO INTERESTADUAL;0 - NORMAL;2 - OPERAÇÃO NÃO PRESENCIAL, PELA INTERNET;1826.68
5,32401E+43;55 - NF-E EMITIDA EM SUBSTITUIÇÃO AO MODELO 1 OU 1A;1;4162;VENDA DE MERCADORIA;16/01/2024 15:08;Autorização de Uso;16/01/2024 15:10;2,17932E+13;DF MAQUINAS E FERRAMENTAS LTDA;7,71189E+11;DF;BRASILIA;3,94544E+11;MINISTERIO DA SAUDE;MT;NÃO CONTRIBUINTE;2 - OPERAÇÃO INTERESTADUAL;1 - CONSUMIDOR FINAL;1 - OPERAÇÃO PRESENCIAL;3426.0
4,32401E+43;55 - NF-E EMITIDA EM SUBSTITUIÇÃO AO MODELO 1 OU 1A;1;158990;SIMPLES REMESSA;17/01/2024 12:13;Autorização de Uso;17/01/2024 12:18;1,05915E+13;OSTHEON COM.IMPORT.E EXPORT.DE PROD.HOSP.LTDA;963289721;RS;PORTO ALEGRE;1,03603E+13;HOSPITAL MILITAR DE AREA DE PORTO ALEGRE;RS;NÃO CONTRIBUINTE;1 - OPERAÇÃO INTERNA;1 - CONSUMIDOR FINAL;1 - OPERAÇÃO PRESENCIAL;8875.0
3,52401E+43;55 - NF-E EMITIDA EM SUBSTITUIÇÃO AO MODELO 1 OU 1A;1;11934;6.108 VENDA MERC. ADQ. TERCEIROS;24/01/2024 10:43;Autorização de Uso;24/01/2024 10:43;1,44771E+13;LAIBO MEDICAL PRODUTOS MEDICOS E HOSPITALARES LTDA;6,33408E+11;SP;SANTOS;3,94544E+11;MINISTERIO DA SAUDE -HOSP. FED BONS;RJ;NÃO CONTRIBUINTE;2 - OPERAÇÃO INTERESTADUAL;1 - CONSUMIDOR FINAL;9 - OPERAÇÃO NÃO PRESENCIAL, OUTROS;1416.0
2,92401E+43;55 - NF-E EMITIDA EM SUBSTITUIÇÃO AO MODELO 1 OU 1A;1;36751;VENDAS DE MERC ADQUI EOU REC DE TERCEIR;15/01/2024 10:22;Autorização de Uso;15/01/2024 10:28;5,78836E+12;BAHIA CESTAS LTDA;103456380;BA;SALVADOR;3,94429E+11;BASE AÉREA DE SALVADOR;BA;NÃO CONTRIBUINTE;1 - OPERAÇÃO INTERNA;1 - CONSUMIDOR FINAL;1 - OPERAÇÃO PRESENCIAL;475.9
3,52401E+43;55 - NF-E EMITIDA EM SUBSTITUIÇÃO AO MODELO 1 OU 1A;1;160370;Retorno de mercadoria ou bem recebido para conserto ou repar;24/01/2024 13:04;Autorização de Uso;29/01/2024 08:52;3,54981E+12;PADTEC S/A;2,44661E+11;SP;CAMPINAS;1,0207E+13;COMANDO DO COMANDO MILITAR DA AMAZONIA;AM;CONTRIBUINTE ISENTO;2 - OPERAÇÃO INTERESTADUAL;1 - CONSUMIDOR FINAL;9 - OPERAÇÃO NÃO PRESENCIAL, OUTROS;29461.38
4,32401E+43;55 - NF-E EMITIDA EM SUBSTITUIÇÃO AO MODELO 1 OU 1A;0;5020;Venda de Mercadoria Mesma UF;26/01/2024 12:58;Autorização de Uso;26/01/2024 12:59;2,17837E+13;VISAO DISTRIBUIDORA DE MEDICAMENTOS LTDA;963630202;RS;PORTO ALEGRE;9,5633E+12;GRUPO DE ARTILHARIA DE CAMPANHA;RS;NÃO CONTRIBUINTE;1 - OPERAÇÃO INTERNA;1 - CONSUMIDOR FINAL;9 - OPERAÇÃO NÃO PRESENCIAL, OUTROS;116.0
2,52401E+43;55 - NF-E EMITIDA EM SUBSTITUIÇÃO AO MODELO 1 OU 1A;892;900180376;VENDA;05/01/2024 15:51;Autorização de Uso;05/01/2024 15:51;***.165.104-**;JOSEFA DE SOUZA ABREU;-1;PB;SAO JOAO DO RIO DO PEIXE;5,52678E+12;MINISTERIO DO DESENVOLVIMENTO SOCIAL, FAMILIA E COMBATE A FO;DF;NÃO CONTRIBUINTE;2 - OPERAÇÃO INTERESTADUAL;1 - CONSUMIDOR FINAL;0 - NÃO SE APLICA;362.94
2,42401E+43;55 - NF-E EMITIDA EM SUBSTITUIÇÃO AO MODELO 1 OU 1A;1;22661;5102 Venda Interna Normal;15/01/2024 00:00;Autorização de Uso;15/01/2024 06:18;2,11723E+13;J NUNES DISTRIBUIDORA DE ALIMENTOS EIRELI;204169810;RN;NATAL;2,43657E+13;UNIVERSIDADE FEDERAL DO RIO GRANDE NORTE;RN;NÃO CONTRIBUINTE;1 - OPERAÇÃO INTERNA;1 - CONSUMIDOR FINAL;0 - NÃO SE APLICA;71.2
2,12401E+43;55 - NF-E EMITIDA EM SUBSTITUIÇÃO AO MODELO 1 OU 1A;890;243008447;DA DE PRODUCAO DO ESTABELECIMENTO;19/01/2024 10:40;Autorização de Uso;19/01/2024 09:39;***.858.493-**;JUAREZ SILVA CABRAL;-1;MA;SAO LUIS;5,52678E+12;MINISTERIO DO DESENVOLVIMENTO E ASSISTENCIA SOCIAL, FAMILIA;AM;NÃO CONTRIBUINTE;2 - OPERAÇÃO INTERESTADUAL;1 - CONSUMIDOR FINAL;0 - NÃO SE APLICA;832.97
3,12401E+43;55 - NF-E EMITIDA EM SUBSTITUIÇÃO AO MODELO 1 OU 1A;1;964;Venda de mercadoria adquirida ou recebida de terceiros;27/01/2024 11:38;Autorização de Uso;27/01/2024 11:59;3,69337E+13;N&C COMERCIO E DISTRIBUICAO DE DESCARTAVEIS LTDA;39446830095;MG;SAO JOSE DA LAPA;1,07277E+13;IFMG/SALINAS MG - INSTITUTO FEDERAL DO NORTE DE MG;MG;CONTRIBUINTE ICMS;1 - OPERAÇÃO INTERNA;1 - CONSUMIDOR FINAL;0 - NÃO SE APLICA;937.5
1,32402E+43;55 - NF-E EMITIDA EM SUBSTITUIÇÃO AO MODELO 1 OU 1A;11;312683;Venda produção estab.destinada a não contribuinte / Venda;16/01/2024 14:48;Autorização de Uso;16/01/2024 14:48;8,12437E+13;POSITIVO TECNOLOGIA S/A;62005901;AM;MANAUS;7,7778E+12;UNIVERSIDADE FEDERAL DO RECONCAVO DA BAHIA;BA;CONTRIBUINTE ISENTO;2 - OPERAÇÃO INTERESTADUAL;1 - CONSUMIDOR FINAL;0 - NÃO SE APLICA;3557.0
5,12401E+43;55 - NF-E EMITIDA EM SUBSTITUIÇÃO AO MODELO 1 OU 1A;7;29828;VENDA;08/01/2024 12:41;Autorização de Uso;08/01/2024 11:37;7,41855E+12;TIGRAO AUTO POSTO EIRELI;133116166;MT;CAMPINAPOLIS;3,94544E+11;MINISTERIO DA SAUDE;MT;NÃO CONTRIBUINTE;1 - OPERAÇÃO INTERNA;1 - CONSUMIDOR FINAL;1 - OPERAÇÃO PRESENCIAL;359.01
5,22401E+43;55 - NF-E EMITIDA EM SUBSTITUIÇÃO AO MODELO 1 OU 1A;1;205;VENDA DE MERCADORIAS REC. DE TERCEIROS;26/01/2024 07:09;Autorização de Uso;26/01/2024 08:09;1,94422E+13;AURAMEDI FARMACEUTICA LTDA;106610333;GO;APARECIDA DE GOIANIA;3,94544E+11;MINISTERIO DA SAUDE;RS;NÃO CONTRIBUINTE;2 - OPERAÇÃO INTERESTADUAL;1 - CONSUMIDOR FINAL;1 - OPERAÇÃO PRESENCIAL;26881.2
4,32401E+43;55 - NF-E EMITIDA EM SUBSTITUIÇÃO AO MODELO 1 OU 1A;1;13895;Venda;08/01/2024 10:34;Autorização de Uso;08/01/2024 10:36;1,56413E+13;SERCIMAQ VENDA E ASSISTENCIA TECNICA DE MAQUINAS E MOTORES L;1090369961;RS;SANTA MARIA;9,57538E+12;BASE ADMINISTRATIVA DA GUARNICAO DE SANTA MARIA;RS;NÃO CONTRIBUINTE;1 - OPERAÇÃO INTERNA;1 - CONSUMIDOR FINAL;1 - OPERAÇÃO PRESENCIAL;20.0
2,62401E+43;55 - NF-E EMITIDA EM SUBSTITUIÇÃO AO MODELO 1 OU 1A;1;106;5102/5405/5933/ VENDA MERC. DENT. ESTADO;15/01/2024 09:42;Autorização de Uso;15/01/2024 09:42;4,4233E+13;JF CENTRO AUTOMOTIVO LTDA;100416993;PE;PETROLINA;1,08303E+13;INSTITUTO FEDERAL DO SERTAO PERNAMBUCANO / CAMPUS FLORESTA;PE;CONTRIBUINTE ISENTO;1 - OPERAÇÃO INTERNA;1 - CONSUMIDOR FINAL;1 - OPERAÇÃO PRESENCIAL;207.25
2,42401E+43;55 - NF-E EMITIDA EM SUBSTITUIÇÃO AO MODELO 1 OU 1A;1;22594;5102 Venda Interna Normal;09/01/2024 00:00;Autorização de Uso;09/01/2024 05:44;2,11723E+13;J NUNES DISTRIBUIDORA DE ALIMENTOS EIRELI;204169810;RN;NATAL;3,94502E+11;COMANDO DA MARINHA;RN;NÃO CONTRIBUINTE;1 - OPERAÇÃO INTERNA;1 - CONSUMIDOR FINAL;0 - NÃO SE APLICA;370.8
2,12401E+43;55 - NF-E EMITIDA EM SUBSTITUIÇÃO AO MODELO 1 OU 1A;1;2771;Venda;26/01/2024 10:23;Autorização de Uso;26/01/2024 10:33;3,21961E+11;M SOUSA LIMA;121397777;MA;IMPERATRIZ;1,07351E+13;INSTITUTO FEDERAL DE EDUCACAO CIENCIA E TECNOLOGIA DO MARANH;MA;NÃO CONTRIBUINTE;1 - OPERAÇÃO INTERNA;1 - CONSUMIDOR FINAL;9 - OPERAÇÃO NÃO PRESENCIAL, OUTROS;338.0
3,52401E+43;55 - NF-E EMITIDA EM SUBSTITUIÇÃO AO MODELO 1 OU 1A;1;368082;RETORNO DE MATERIAL DEPOSITADO EM ARMAZEM GERAL;18/01/2024 11:51;Autorização de Uso;18/01/2024 11:57;3,40283E+13;EMPRES BRASILEIRA DE CORREIOS E TELEGRAFOS;1,12389E+11;SP;CAJAMAR;3,78257E+11;FUNDO NACIONAL DE DESENVOLVIMENTO DA EDUCACAO;DF;NÃO CONTRIBUINTE;2 - OPERAÇÃO INTERESTADUAL;1 - CONSUMIDOR FINAL;0 - NÃO SE APLICA;274.56
2,32401E+43;55 - NF-E EMITIDA EM SUBSTITUIÇÃO AO MODELO 1 OU 1A;1;21435;VENDA DE MERCADORIA ADQUIRIDA OU RECEBIDA DE TERCEIROS EM OP;05/01/2024 16:03;Autorização de Uso;05/01/2024 16:03;1,41243E+13;MAVI CONSTRUCOES - LTDA;65721551;CE;FORTALEZA;3,94502E+11;ESCOLA DE APRENDIZES MARINHEIROS DO CEARA;CE;NÃO CONTRIBUINTE;1 - OPERAÇÃO INTERNA;1 - CONSUMIDOR FINAL;1 - OPERAÇÃO PRESENCIAL;293.86
3,52401E+43;55 - NF-E EMITIDA EM SUBSTITUIÇÃO AO MODELO 1 OU 1A;4;965125;Outra saida merc. prest. serv. nao especificado;30/01/2024 08:24;Autorização de Uso;30/01/2024 08:25;7,689E+12;EMBRAER S.A.;6,8862E+11;SP;TAUBATE;3,94429E+11;BASE AÉREA DE ANÁPOLIS - BAAN;GO;NÃO CONTRIBUINTE;2 - OPERAÇÃO INTERESTADUAL;1 - CONSUMIDOR FINAL;9 - OPERAÇÃO NÃO PRESENCIAL, OUTROS;16577.25
1,12401E+43;55 - NF-E EMITIDA EM SUBSTITUIÇÃO AO MODELO 1 OU 1A;3;2807;VENDA MERCADORIA ADQUIRIDA/RECEBIDA DE TERCEIROS;30/01/2024 09:56;Autorização de Uso;30/01/2024 09:16;5,08275E+12;DELICIA DO NORTE COMERCIO, SERVICOS E REPRESENTACAO DE PRODU;3734901;RO;PORTO VELHO;3,94429E+11;COMANDO DA AERONAUTICA.;RO;NÃO CONTRIBUINTE;1 - OPERAÇÃO INTERNA;0 - NORMAL;1 - OPERAÇÃO PRESENCIAL;239.2
3,32401E+43;55 - NF-E EMITIDA EM SUBSTITUIÇÃO AO MODELO 1 OU 1A;890;8425261;Venda de mercadoria adquirida ou recebida de terceiros;04/01/2024 11:31;Autorização de Uso;04/01/2024 11:39;5,05003E+13;50.500.312 LEANDRO PIMENTEL CORREA DE SA;13007411;RJ;RIO DE JANEIRO;3,37811E+13;INSTITUTO DE TECNOLOGIA EM FÁRMACOS;RJ;CONTRIBUINTE ICMS;1 - OPERAÇÃO INTERNA;1 - CONSUMIDOR FINAL;1 - OPERAÇÃO PRESENCIAL;600.0
3,12401E+43;55 - NF-E EMITIDA EM SUBSTITUIÇÃO AO MODELO 1 OU 1A;2;138288;BONIFICACAO / DOACAO/BRINDE;29/01/2024 18:30;Autorização de Uso;29/01/2024 18:30;1,94008E+13;QUIBASA QUIMICA BASICA LTDA;6,2206E+11;MG;BELO HORIZONTE;2,59445E+13;UNIVERSIDADE FEDERAL DE VICOSA;MG;NÃO CONTRIBUINTE;1 - OPERAÇÃO INTERNA;1 - CONSUMIDOR FINAL;0 - NÃO SE APLICA;198.6
1,52401E+43;55 - NF-E EMITIDA EM SUBSTITUIÇÃO AO MODELO 1 OU 1A;890;2600094;S;23/01/2024 14:39;Autorização de Uso;23/01/2024 15:21;***.152.402-**;ANTONIO DE PAIVA COSTA;-1;PA;OBIDOS;5,52678E+12;MINISTERIO DO DESENVOLVIMENTO SOCIAL, FAMILIA E COMBATE A FO;DF;NÃO CONTRIBUINTE;2 - OPERAÇÃO INTERESTADUAL;1 - CONSUMIDOR FINAL;0 - NÃO SE APLICA;2286.39
3,52401E+43;55 - NF-E EMITIDA EM SUBSTITUIÇÃO AO MODELO 1 OU 1A;1;368287;RETORNO DE MATERIAL DEPOSITADO EM ARMAZEM GERAL;22/01/2024 16:08;Autorização de Uso;22/01/2024 16:26;3,40283E+13;EMPRES BRASILEIRA DE CORREIOS E TELEGRAFOS;1,12389E+11;SP;CAJAMAR;3,78257E+11;FUNDO NACIONAL DE DESENVOLVIMENTO DA EDUCACAO;DF;NÃO CONTRIBUINTE;2 - OPERAÇÃO INTERESTADUAL;1 - CONSUMIDOR FINAL;0 - NÃO SE APLICA;274.56
3,52401E+43;55 - NF-E EMITIDA EM SUBSTITUIÇÃO AO MODELO 1 OU 1A;1;715;Venda de mercadoria;12/01/2024 13:42;Autorização de Uso;12/01/2024 13:56;1,31586E+13;F C NICOLAU EQUIPAMENTOS PARA LABORATÓRIO LTDA.;2,06868E+11;SP;BARUERI;3,96895E+11;MINISTERIO DA AGRICULTURA, PECUARIA E ABASTECIMENTO;MG;NÃO CONTRIBUINTE;2 - OPERAÇÃO INTERESTADUAL;1 - CONSUMIDOR FINAL;0 - NÃO SE APLICA;43499.99
3,52401E+43;55 - NF-E EMITIDA EM SUBSTITUIÇÃO AO MODELO 1 OU 1A;1;369109;RETORNO DE MATERIAL DEPOSITADO EM ARMAZEM GERAL;25/01/2024 17:38;Autorização de Uso;25/01/2024 18:56;3,40283E+13;EMPRES BRASILEIRA DE CORREIOS E TELEGRAFOS;1,12389E+11;SP;CAJAMAR;3,78257E+11;FUNDO NACIONAL DE DESENVOLVIMENTO DA EDUCACAO;DF;NÃO CONTRIBUINTE;2 - OPERAÇÃO INTERESTADUAL;1 - CONSUMIDOR FINAL;0 - NÃO SE APLICA;274.56
3,32401E+43;55 - NF-E EMITIDA EM SUBSTITUIÇÃO AO MODELO 1 OU 1A;1;5275;VENDA DE PRODUCAO DO ESTABELECIMENTO;26/01/2024 15:47;Autorização de Uso;26/01/2024 15:46;3,13437E+13;CORPO ASTRAL COMERCIAL E INDUSTRIAL LTDA;83274956;RJ;RIO DE JANEIRO;3,94544E+11;MINISTERIO DA SAUDE - HOSPITAL FEDERAL DO ANDARAI;RJ;NÃO CONTRIBUINTE;1 - OPERAÇÃO INTERNA;1 - CONSUMIDOR FINAL;2 - OPERAÇÃO NÃO PRESENCIAL, PELA INTERNET;1840.0
2,52401E+43;55 - NF-E EMITIDA EM SUBSTITUIÇÃO AO MODELO 1 OU 1A;892;900184583;VENDA;18/01/2024 12:59;Autorização de Uso;18/01/2024 12:59;***.892.434-**;ALEXSANDRO BARBOSA LAURENTINO;-1;PB;MARI;5,52678E+12;MINISTERIO DO DESENVOLVIMENTO SOCIAL, FAMILIA E COMBATE A FO;DF;NÃO CONTRIBUINTE;2 - OPERAÇÃO INTERESTADUAL;1 - CONSUMIDOR FINAL;0 - NÃO SE APLICA;1955.0
4,22401E+43;55 - NF-E EMITIDA EM SUBSTITUIÇÃO AO MODELO 1 OU 1A;1;3638;Venda de mercadoria adquirida ou recebida de terceiros, ou q;26/01/2024 08:29;Autorização de Uso;26/01/2024 08:35;7,20058E+12;L G COMERCIAL DE MAQUINAS AGRICOLAS LTDA;254915477;SC;CHAPECO;8,82997E+12;INSTITUTO CHICO MENDES DE CONSERVACAO DA BIODIVERSIDADE;DF;NÃO CONTRIBUINTE;2 - OPERAÇÃO INTERESTADUAL;0 - NORMAL;0 - NÃO SE APLICA;6643.48
3,32401E+43;55 - NF-E EMITIDA EM SUBSTITUIÇÃO AO MODELO 1 OU 1A;2;728511;OUTRAS SAIDAS;17/01/2024 09:23;Autorização de Uso;17/01/2024 10:05;3,41643E+13;CASA DA MOEDA DO BRASIL;82346988;RJ;RIO DE JANEIRO;3,94494E+11;MINISTERIO DA JUSTICA E SEGURANCA PUBLICA;RJ;NÃO CONTRIBUINTE;1 - OPERAÇÃO INTERNA;1 - CONSUMIDOR FINAL;0 - NÃO SE APLICA;13033.16
3,32401E+43;55 - NF-E EMITIDA EM SUBSTITUIÇÃO AO MODELO 1 OU 1A;0;941913;Outras Entradas;16/01/2024 08:47;Autorização de Uso;16/01/2024 08:47;3,16733E+13;LABORATORIOS B.BRAUN S.A;80103077;RJ;SAO GONCALO;9,48776E+13;UNIVERSIDADE FEDERAL DO RIO GRANDE - FURG;RS;NÃO CONTRIBUINTE;2 - OPERAÇÃO INTERESTADUAL;1 - CONSUMIDOR FINAL;9 - OPERAÇÃO NÃO PRESENCIAL, OUTROS;726081.6
5,22401E+43;55 - NF-E EMITIDA EM SUBSTITUIÇÃO AO MODELO 1 OU 1A;0;9568;Vda Cmb/Lub.cons/usu.final estab.outra UF;15/01/2024 16:01;Autorização de Uso;15/01/2024 16:01;3,42742E+13;VIBRA ENERGIA S.A;100235549;GO;ANAPOLIS;3,94429E+11;COMANDO DA AERONAUTICA;DF;NÃO CONTRIBUINTE;1 - OPERAÇÃO INTERNA;1 - CONSUMIDOR FINAL;1 - OPERAÇÃO PRESENCIAL;11758.92
2,32401E+43;55 - NF-E EMITIDA EM SUBSTITUIÇÃO AO MODELO 1 OU 1A;0;319359;VENDA DE PRODUCAO DO ESTABELECIMENTO, DESTINADA A NAO CONTRI;16/01/2024 10:49;Autorização de Uso;16/01/2024 11:05;6,62833E+12;FARMACE - INDUSTRIA QUIMICO FARMACEUTICA CEARENSE LTDA;68480075;CE;BARBALHA;3,94544E+11;HOSPITAL SERVIDORES DO ESTADO RJ;RJ;NÃO CONTRIBUINTE;2 - OPERAÇÃO INTERESTADUAL;1 - CONSUMIDOR FINAL;9 - OPERAÇÃO NÃO PRESENCIAL, OUTROS;56100.0
1,32401E+43;55 - NF-E EMITIDA EM SUBSTITUIÇÃO AO MODELO 1 OU 1A;1;2591;Venda de mercadoria;22/01/2024 00:22;Autorização de Uso;22/01/2024 00:22;3,29697E+13;R G XAVIER GUIMARAES LTDA;54080185;AM;MANAUS;9,58025E+12;CENTRO DE EMBARCACOES DO COMANDO MILITAR DA AMAZONIA;AM;NÃO CONTRIBUINTE;1 - OPERAÇÃO INTERNA;1 - CONSUMIDOR FINAL;9 - OPERAÇÃO NÃO PRESENCIAL, OUTROS;3682.9
2,62401E+43;55 - NF-E EMITIDA EM SUBSTITUIÇÃO AO MODELO 1 OU 1A;1;77831;REMES MAT PREST SERV;12/01/2024 12:03;Autorização de Uso;16/01/2024 15:25;3,2309E+11;SOLL -SERVICOS OBRAS E LOCACOES LTDA;23874090;PE;OLINDA;3,94544E+11;MINISTERIO DA SAUDE DISTRITO SANITARIO ESPECIAL INDIGENA PE;PE;NÃO CONTRIBUINTE;1 - OPERAÇÃO INTERNA;1 - CONSUMIDOR FINAL;9 - OPERAÇÃO NÃO PRESENCIAL, OUTROS;586.3
4,32401E+43;55 - NF-E EMITIDA EM SUBSTITUIÇÃO AO MODELO 1 OU 1A;1;328041;VENDA DE MERCADORIA ADQ OU RECEB DE TERC, DEST A NAO CONTRIB;16/01/2024 09:22;Autorização de Uso;16/01/2024 09:22;1,2889E+13;INOVAMED HOSPITALAR LTDA;390157570;RS;ERECHIM;3,94544E+11;MINISTERIO DA SAUDE DISTRITO SANITARIO ESPECIAL INDIGENA PE;PE;NÃO CONTRIBUINTE;2 - OPERAÇÃO INTERESTADUAL;1 - CONSUMIDOR FINAL;9 - OPERAÇÃO NÃO PRESENCIAL, OUTROS;2743.2
3,52401E+43;55 - NF-E EMITIDA EM SUBSTITUIÇÃO AO MODELO 1 OU 1A;1;5265;OUTRAS REMESSAS DE BEM DO ATIVO;08/01/2024 12:23;Autorização de Uso;08/01/2024 12:23;3,5081E+12;REDE NACIONAL DE ENSINO E PESQUISA - RNP;7,95438E+11;SP;CAMPINAS;1,07277E+13;INSTITUTO FEDERAL DE EDUCACAO, CIENCIA;MG;NÃO CONTRIBUINTE;2 - OPERAÇÃO INTERESTADUAL;1 - CONSUMIDOR FINAL;0 - NÃO SE APLICA;4948.54
3,52401E+43;55 - NF-E EMITIDA EM SUBSTITUIÇÃO AO MODELO 1 OU 1A;3;134416;REMESSA EM COMODATO;18/01/2024 13:05;Autorização de Uso;18/01/2024 13:06;1,5594E+12;BIO 2 IMP. E COM DE MAT. MED. HOSP. LTDA;1,48787E+11;SP;SAO PAULO;3,94429E+11;COMANDO DA AERONAUTICA;SP;NÃO CONTRIBUINTE;1 - OPERAÇÃO INTERNA;1 - CONSUMIDOR FINAL;9 - OPERAÇÃO NÃO PRESENCIAL, OUTROS;10077.0
4,32401E+43;55 - NF-E EMITIDA EM SUBSTITUIÇÃO AO MODELO 1 OU 1A;4;148291;OUTRAS SAIDAS;04/01/2024 16:46;Autorização de Uso;04/01/2024 16:46;3,74694E+12;BRS SUPRIMENTOS CORPORATIVOS S/A;1240336230;RS;SAO LEOPOLDO;1,07643E+13;INSTITUTO FED. DE EDU. CIENCIA E TEC. DA BAHIA;BA;CONTRIBUINTE ISENTO;2 - OPERAÇÃO INTERESTADUAL;1 - CONSUMIDOR FINAL;9 - OPERAÇÃO NÃO PRESENCIAL, OUTROS;2154.05
3,32401E+43;55 - NF-E EMITIDA EM SUBSTITUIÇÃO AO MODELO 1 OU 1A;1;27161;BONIFICACAO;30/01/2024 08:56;Autorização de Uso;30/01/2024 08:57;1,16372E+13;PROMOVENDO COM. E REPRES. DE MATERIAL HOSP. LTDA;78995734;RJ;RIO DE JANEIRO;3,94429E+11;HOSPITAL CENTRAL DA AERONAUTICA;RJ;NÃO CONTRIBUINTE;1 - OPERAÇÃO INTERNA;1 - CONSUMIDOR FINAL;1 - OPERAÇÃO PRESENCIAL;88.22
2,52401E+43;55 - NF-E EMITIDA EM SUBSTITUIÇÃO AO MODELO 1 OU 1A;892;900180730;VENDA;08/01/2024 11:34;Autorização de Uso;08/01/2024 11:34;***.128.604-**;CELINA COSTA DE SOUZA;-1;PB;SAO BENTO;5,52678E+12;MINISTERIO DO DESENVOLVIMENTO SOCIAL, FAMILIA E COMBATE A FO;DF;NÃO CONTRIBUINTE;2 - OPERAÇÃO INTERESTADUAL;1 - CONSUMIDOR FINAL;0 - NÃO SE APLICA;1733.28
2,12401E+43;55 - NF-E EMITIDA EM SUBSTITUIÇÃO AO MODELO 1 OU 1A;890;243010269;DA DE PRODUCAO DO ESTABELECIMENTO;24/01/2024 09:58;Autorização de Uso;24/01/2024 08:56;***.654.363-**;MARINILDE BELFORT MATOS;-1;MA;SAO LUIS;5,52678E+12;MINISTERIO DO DESENVOLVIMENTO E ASSISTENCIA SOCIAL, FAMILIA;AM;NÃO CONTRIBUINTE;2 - OPERAÇÃO INTERESTADUAL;1 - CONSUMIDOR FINAL;0 - NÃO SE APLICA;3498.2
3,52401E+43;55 - NF-E EMITIDA EM SUBSTITUIÇÃO AO MODELO 1 OU 1A;1;1132;Venda;02/01/2024 05:49;Autorização de Uso;02/01/2024 06:34;4,92878E+13;HS-CPQ TECNOLOGIA LTDA;1,22949E+11;SP;CAMPINAS;5,05513E+12;UNIVERSIDADE FEDERAL DE CAMPINA GRANDE;PB;NÃO CONTRIBUINTE;2 - OPERAÇÃO INTERESTADUAL;1 - CONSUMIDOR FINAL;0 - NÃO SE APLICA;1842.0
5,32401E+43;55 - NF-E EMITIDA EM SUBSTITUIÇÃO AO MODELO 1 OU 1A;1;78;Venda;18/01/2024 14:27;Autorização de Uso;18/01/2024 14:27;9,256E+12;HPL CONSTRUCAO, SEGURANCA E SERVICOS EIRELI;7,98751E+11;DF;BRASILIA;2,31367E+12;1441 - AGENCIA NAC DO PETROLEO GAS NAT E;RJ;NÃO CONTRIBUINTE;1 - OPERAÇÃO INTERNA;0 - NORMAL;1 - OPERAÇÃO PRESENCIAL;20200.0
5,22402E+43;55 - NF-E EMITIDA EM SUBSTITUIÇÃO AO MODELO 1 OU 1A;1;115;Venda Fora do Estado;10/01/2024 12:36;Autorização de Uso;10/01/2024 12:36;5,16074E+13;F & K BRASIL LTDA;200619381;GO;GOIANIA;1,06269E+13;INSTITUTO FEDERAL DE EDUCAÇÃO - CAMPUS SJE;MG;CONTRIBUINTE ICMS;2 - OPERAÇÃO INTERESTADUAL;1 - CONSUMIDOR FINAL;2 - OPERAÇÃO NÃO PRESENCIAL, PELA INTERNET;5441.64
4,32401E+43;55 - NF-E EMITIDA EM SUBSTITUIÇÃO AO MODELO 1 OU 1A;0;46852;VENDA DE MERCADORIAS;29/01/2024 11:19;Autorização de Uso;29/01/2024 12:43;4,00442E+12;RE SOL COMERCIO DE FRUTAS E LEGUMES LTDA;963198726;RS;PORTO ALEGRE;9,60388E+12;COLEGIO MILITAR DE PORTO ALEGRE;RS;NÃO CONTRIBUINTE;1 - OPERAÇÃO INTERNA;1 - CONSUMIDOR FINAL;0 - NÃO SE APLICA;191.48
4,12401E+43;55 - NF-E EMITIDA EM SUBSTITUIÇÃO AO MODELO 1 OU 1A;1;7874;REMESSA EM BONIFICACAO DOACAO OU BRINDE;04/01/2024 17:17;Autorização de Uso;04/01/2024 17:17;2,96148E+13;MEDITON FARMACEUTICA LTDA ME;9077196770;PR;PATO BRANCO;3,94502E+11;COMANDO DA MARINHA;RJ;NÃO CONTRIBUINTE;2 - OPERAÇÃO INTERESTADUAL;1 - CONSUMIDOR FINAL;0 - NÃO SE APLICA;30.0
4,12401E+43;55 - NF-E EMITIDA EM SUBSTITUIÇÃO AO MODELO 1 OU 1A;1;291;VENDA INTEREST. DESTINADA A NAO CONTRIBUINTE;19/01/2024 00:00;Autorização de Uso;19/01/2024 10:52;4,77762E+13;WOLVES GROUP AND COLI INK BUSINESS LTDA;9096314830;PR;MARINGA;1,02717E+13;12 REGIMENTO DE CAVALARIA MECANIZADO;RS;CONTRIBUINTE ISENTO;2 - OPERAÇÃO INTERESTADUAL;1 - CONSUMIDOR FINAL;0 - NÃO SE APLICA;760.0
5,32401E+43;55 - NF-E EMITIDA EM SUBSTITUIÇÃO AO MODELO 1 OU 1A;1;10849;Remessa de mercadoria em consignacao mercantil ou industrial;03/01/2024 15:07;Autorização de Uso;03/01/2024 15:07;2,36512E+13;ARTE IMPLANTES MATERIAIS CIRURGICOS LTDA;1,53595E+11;SP;SAO PAULO;1,03603E+13;HOSPITAL MILITAR DE AREA DE PORTO ALEGRE;RS;NÃO CONTRIBUINTE;2 - OPERAÇÃO INTERESTADUAL;1 - CONSUMIDOR FINAL;9 - OPERAÇÃO NÃO PRESENCIAL, OUTROS;27170.0
5,22401E+43;55 - NF-E EMITIDA EM SUBSTITUIÇÃO AO MODELO 1 OU 1A;1;1080;6108-VENDA PARA CONSUMIDOR FINAL (FORA DO ESTADO);18/01/2024 15:08;Autorização de Uso;18/01/2024 15:12;4,73417E+13;3MARIAS DISTRIBUICAO E SERVICOS LTDA;109530985;GO;GOIANIA;3,94494E+11;PENITENCIARIA FEDERAL EM PORTO VELHO RO;RO;NÃO CONTRIBUINTE;2 - OPERAÇÃO INTERESTADUAL;1 - CONSUMIDOR FINAL;0 - NÃO SE APLICA;960.0
5,02401E+43;55 - NF-E EMITIDA EM SUBSTITUIÇÃO AO MODELO 1 OU 1A;1;113875;VENDA DE MERC ADQUIRIDA DE TERCEIROS;23/01/2024 11:29;Autorização de Uso;23/01/2024 10:29;1,13196E+13;DENTECK LTDA - FILIAL03 MS;284069817;MS;MUNDO NOVO;1,07277E+13;IFMG/SALINAS MG - INSTITUTO FEDERAL DO NORTE DE MG;MG;CONTRIBUINTE ICMS;2 - OPERAÇÃO INTERESTADUAL;1 - CONSUMIDOR FINAL;9 - OPERAÇÃO NÃO PRESENCIAL, OUTROS;25400.0
3,52401E+43;55 - NF-E EMITIDA EM SUBSTITUIÇÃO AO MODELO 1 OU 1A;1;366295;RETORNO DE MATERIAL DEPOSITADO EM ARMAZEM GERAL;16/01/2024 15:08;Autorização de Uso;16/01/2024 16:02;3,40283E+13;EMPRES BRASILEIRA DE CORREIOS E TELEGRAFOS;1,12389E+11;SP;CAJAMAR;3,78257E+11;FUNDO NACIONAL DE DESENVOLVIMENTO DA EDUCACAO;DF;NÃO CONTRIBUINTE;2 - OPERAÇÃO INTERESTADUAL;1 - CONSUMIDOR FINAL;0 - NÃO SE APLICA;131.78
5,12401E+43;55 - NF-E EMITIDA EM SUBSTITUIÇÃO AO MODELO 1 OU 1A;2;14163;5656 Venda de combustivel ou lubrificante, adquiridos ou re;26/01/2024 10:42;Autorização de Uso;26/01/2024 10:42;2,91117E+13;DUME COMBUSTIVEIS BARRA DO GARCAS LTDA;137367414;MT;BARRA DO GARCAS;3,94429E+11;"COMANDO DA AERON&AACUTE;UTICA";DF;CONTRIBUINTE ISENTO;1 - OPERAÇÃO INTERNA;1 - CONSUMIDOR FINAL;1 - OPERAÇÃO PRESENCIAL;898.98
5,12401E+43;55 - NF-E EMITIDA EM SUBSTITUIÇÃO AO MODELO 1 OU 1A;1;141729;5656 Venda de combustivel ou lubrificante, adquiridos ou re;03/01/2024 12:05;Autorização de Uso;03/01/2024 12:05;1,9968E+13;L. LUCIA KUHN E CIA LTDA EPP;135428165;MT;QUERENCIA;3,94544E+11;MINISTERIO DA SAUDE;MT;NÃO CONTRIBUINTE;1 - OPERAÇÃO INTERNA;1 - CONSUMIDOR FINAL;1 - OPERAÇÃO PRESENCIAL;281.85
1,32401E+43;55 - NF-E EMITIDA EM SUBSTITUIÇÃO AO MODELO 1 OU 1A;1;21953;198 - Venda de Mercadoria;10/01/2024 15:07;Autorização de Uso;10/01/2024 15:07;2,27616E+13;FORTBRAS AUTOPECAS S.A.;54537240;AM;MANAUS;3,94494E+11;SECRETARIA DE GESTAO E ENSINO EM SEGURANCA PUBLICA;DF;NÃO CONTRIBUINTE;1 - OPERAÇÃO INTERNA;1 - CONSUMIDOR FINAL;1 - OPERAÇÃO PRESENCIAL;1746.39
5,02401E+43;55 - NF-E EMITIDA EM SUBSTITUIÇÃO AO MODELO 1 OU 1A;1;13252;VENDA DE MERC. ADQUIRIDA OU RECEBIDA DE TERCEIROS;30/01/2024 16:01;Autorização de Uso;30/01/2024 16:01;2,94129E+13;MALTACARE DISTRIBUIDORA LTDA;284271527;MS;CAMPO GRANDE;9,53971E+12;HOSPITAL MILITAR DE AREA DE CAMPO GRANDE;MS;NÃO CONTRIBUINTE;1 - OPERAÇÃO INTERNA;1 - CONSUMIDOR FINAL;3 - OPERAÇÃO NÃO PRESENCIAL, TELEATENDIMENTO;122202.6
4,12401E+43;55 - NF-E EMITIDA EM SUBSTITUIÇÃO AO MODELO 1 OU 1A;1;161;Venda;15/01/2024 09:42;Autorização de Uso;15/01/2024 09:52;3,36094E+13;MM DISTRIBUIDORA DE PRODUTOS E EQUIPAMENTOS LTDA;9087219507;PR;CURITIBA;7,50957E+13;UNIVERSIDADE FEDERAL DO PARANÁ;PR;NÃO CONTRIBUINTE;1 - OPERAÇÃO INTERNA;1 - CONSUMIDOR FINAL;9 - OPERAÇÃO NÃO PRESENCIAL, OUTROS;7486.5
3,32401E+43;55 - NF-E EMITIDA EM SUBSTITUIÇÃO AO MODELO 1 OU 1A;1;61513;VENDA DENTRO DO ESTADO;26/01/2024 13:23;Autorização de Uso;26/01/2024 13:24;2,48755E+13;ESSENCIAL RIO DISTRIB. DE PROD. MEDICOS E HOSPITALARES LTDA;87152596;RJ;NOVA IGUACU;9,60924E+12;HOSPITAL CENTRAL DO EXERCITO;RJ;NÃO CONTRIBUINTE;1 - OPERAÇÃO INTERNA;1 - CONSUMIDOR FINAL;0 - NÃO SE APLICA;9600.0
3,52401E+43;55 - NF-E EMITIDA EM SUBSTITUIÇÃO AO MODELO 1 OU 1A;100;265226;RECEBIMENTO DE PECAS EM GARANTIA;18/01/2024 16:34;Autorização de Uso;18/01/2024 16:34;3,77279E+12;DAHRUJ MOTORS LTDA;2,44708E+11;SP;CAMPINAS;3,94494E+11;MINISTÉRIO DA JUSTIÇA;SP;NÃO CONTRIBUINTE;1 - OPERAÇÃO INTERNA;1 - CONSUMIDOR FINAL;1 - OPERAÇÃO PRESENCIAL;45.84
3,32401E+43;55 - NF-E EMITIDA EM SUBSTITUIÇÃO AO MODELO 1 OU 1A;1;1027;5102;24/01/2024 14:08;Autorização de Uso;24/01/2024 14:14;7,55613E+12;F C SILVA COMERCIO DE INFORMATICA;77969845;RJ;VOLTA REDONDA;3,94502E+11;COMANDO DA MARINHA;RJ;NÃO CONTRIBUINTE;1 - OPERAÇÃO INTERNA;1 - CONSUMIDOR FINAL;0 - NÃO SE APLICA;528.0
3,32401E+43;55 - NF-E EMITIDA EM SUBSTITUIÇÃO AO MODELO 1 OU 1A;0;129832;Outra entrada de mercadoria ou prestacao de servico nao espe;23/01/2024 16:08;Autorização de Uso;23/01/2024 16:08;3,60553E+12;AVFARMA ASSIST. SERV. FARMACEUTICOS LTDA;77899618;RJ;RIO DE JANEIRO;3,40231E+13;HOSPITAL UNIVERSITARIO GAFFREE E GUINLE;RJ;CONTRIBUINTE ISENTO;1 - OPERAÇÃO INTERNA;0 - NORMAL;0 - NÃO SE APLICA;14288.91
5,32402E+43;55 - NF-E EMITIDA EM SUBSTITUIÇÃO AO MODELO 1 OU 1A;1;19;VENDA;29/01/2024 15:16;Autorização de Uso;30/01/2024 15:17;5,05066E+13;OGATTI IMPORTS LTDA;8,21588E+11;DF;BRASILIA;9,58527E+12;2 REGIMENTO DE CAVALARIA DE GUARDAS;RJ;NÃO CONTRIBUINTE;2 - OPERAÇÃO INTERESTADUAL;1 - CONSUMIDOR FINAL;2 - OPERAÇÃO NÃO PRESENCIAL, PELA INTERNET;10799.6
3,52402E+43;55 - NF-E EMITIDA EM SUBSTITUIÇÃO AO MODELO 1 OU 1A;1;83;Venda de mercadoria a nao contribuinte;22/01/2024 15:57;Autorização de Uso;22/01/2024 15:57;5,15667E+13;GS MIRANDA LTDA;1,35622E+11;SP;CAMPINAS;2,104E+13;UNIVERSIDADE FEDERAL DE ITAJUBA;MG;NÃO CONTRIBUINTE;2 - OPERAÇÃO INTERESTADUAL;1 - CONSUMIDOR FINAL;9 - OPERAÇÃO NÃO PRESENCIAL, OUTROS;1172.16
3,52401E+43;55 - NF-E EMITIDA EM SUBSTITUIÇÃO AO MODELO 1 OU 1A;1;92;Venda Fora do Estado;21/01/2024 00:49;Autorização de Uso;21/01/2024 00:50;4,73344E+13;DANIEL ROSA LOPES 25949024893;1,3656E+11;SP;SAO PAULO;2,40985E+13;UNIVERSIDADE FEDERAL DA PARAIBA UFPB;PB;NÃO CONTRIBUINTE;2 - OPERAÇÃO INTERESTADUAL;1 - CONSUMIDOR FINAL;2 - OPERAÇÃO NÃO PRESENCIAL, PELA INTERNET;393.9
4,32401E+43;55 - NF-E EMITIDA EM SUBSTITUIÇÃO AO MODELO 1 OU 1A;1;4577;VENDA DE MERCADORIAS INTER ESTADUAL - 6.102;26/01/2024 10:25;Autorização de Uso;26/01/2024 10:28;1,02454E+13;TMPRO COMERCIO DE ELETRO ELETRONICOS LTDA - MATRIZ;963814206;RS;PORTO ALEGRE;5,05513E+12;UNIVERSIDADE FEDERAL DE CAMPINA GRANDE;PB;NÃO CONTRIBUINTE;2 - OPERAÇÃO INTERESTADUAL;1 - CONSUMIDOR FINAL;2 - OPERAÇÃO NÃO PRESENCIAL, PELA INTERNET;82265.75
5,12401E+43;55 - NF-E EMITIDA EM SUBSTITUIÇÃO AO MODELO 1 OU 1A;2;57544;VENDA;19/01/2024 23:09;Autorização de Uso;19/01/2024 22:09;2,65889E+13;FARIAS SANTOS E FARIA ZAMPA LTDA;131274287;MT;BARRA DO GARCAS;3,94544E+11;MINISTERIO DA SAUDE;MT;NÃO CONTRIBUINTE;1 - OPERAÇÃO INTERNA;1 - CONSUMIDOR FINAL;1 - OPERAÇÃO PRESENCIAL;168.0
3,12401E+43;55 - NF-E EMITIDA EM SUBSTITUIÇÃO AO MODELO 1 OU 1A;1;60462;VENDA IND CONTA/ORD;17/01/2024 12:10;Autorização de Uso;17/01/2024 12:20;1,47074E+13;XCMG BRASIL INDUSTRIA LTDA;18814650080;MG;POUSO ALEGRE;43711000143;DEPT.NACIONAL DE OBRAS C SECAS;CE;NÃO CONTRIBUINTE;2 - OPERAÇÃO INTERESTADUAL;1 - CONSUMIDOR FINAL;9 - OPERAÇÃO NÃO PRESENCIAL, OUTROS;330000.0
2,32401E+43;55 - NF-E EMITIDA EM SUBSTITUIÇÃO AO MODELO 1 OU 1A;1;5076;Venda de mercadoria adquirida ou recebida de terceiros em op;15/01/2024 11:57;Autorização de Uso;15/01/2024 11:57;2,2809E+13;B2G MEDICAL COMERCIO DE PRODUTOS MEDICOS E CIRURGICOS LTDA;64598136;CE;FORTALEZA;1,07643E+13;INSTITUTO FEDERAL DE EDUCACAO, CIENCIA E TECNOLOGIA DA BAHIA;BA;NÃO CONTRIBUINTE;2 - OPERAÇÃO INTERESTADUAL;1 - CONSUMIDOR FINAL;0 - NÃO SE APLICA;361.0
2,32401E+43;55 - NF-E EMITIDA EM SUBSTITUIÇÃO AO MODELO 1 OU 1A;0;81652;Vda Cmb/Lub.cons/usu.final estab.outra UF;31/01/2024 10:52;Autorização de Uso;31/01/2024 10:52;3,42742E+13;VIBRA ENERGIA S.A;68030703;CE;FORTALEZA;3,94429E+11;COMANDO DA AERONAUTICA;DF;NÃO CONTRIBUINTE;1 - OPERAÇÃO INTERNA;1 - CONSUMIDOR FINAL;1 - OPERAÇÃO PRESENCIAL;2206.11
4,12402E+43;55 - NF-E EMITIDA EM SUBSTITUIÇÃO AO MODELO 1 OU 1A;1;3386;VENDA;09/01/2024 13:28;Autorização de Uso;09/01/2024 13:28;7,87968E+13;G DE BORBA - MARISKAP;1016202980;PR;CURITIBA;3,94429E+11;COMANDO DA AERONAUTICA;DF;NÃO CONTRIBUINTE;2 - OPERAÇÃO INTERESTADUAL;1 - CONSUMIDOR FINAL;0 - NÃO SE APLICA;3384.58
3,52401E+43;55 - NF-E EMITIDA EM SUBSTITUIÇÃO AO MODELO 1 OU 1A;1;2573;Venda;31/01/2024 10:59;Autorização de Uso;31/01/2024 11:01;3,17222E+13;IVANETE APARECIDA MIRANDA;5,81125E+11;SP;RIBEIRAO PIRES;1,06731E+13;INSTITUTO FEDERAL DE EDUCACAO, CIENCIA E TECNOLOGIA- IFMS;MS;NÃO CONTRIBUINTE;2 - OPERAÇÃO INTERESTADUAL;1 - CONSUMIDOR FINAL;9 - OPERAÇÃO NÃO PRESENCIAL, OUTROS;189.0
3,12401E+43;55 - NF-E EMITIDA EM SUBSTITUIÇÃO AO MODELO 1 OU 1A;1;4791;Venda a prazo;23/01/2024 09:19;Autorização de Uso;23/01/2024 09:19;3,31802E+13;JP COMERCIO DE PRODUTOS ALIMENTICIOS E SERVICOS EIRELI;34110590060;MG;JUIZ DE FORA;9,59589E+12;COMANDO DA 4 BRIGADA DE INFANTARIA LEVE MONTANHA;MG;CONTRIBUINTE ISENTO;1 - OPERAÇÃO INTERNA;0 - NORMAL;0 - NÃO SE APLICA;1178.0
3,32401E+43;55 - NF-E EMITIDA EM SUBSTITUIÇÃO AO MODELO 1 OU 1A;2;159511;RETORNO DE MERCADORIA P/ CONSERTO;11/01/2024 16:34;Autorização de Uso;11/01/2024 16:34;3,3702E+13;SIMCAUTO MECANICA E REPRESENTACOES LTDA;77511032;RJ;RIO DE JANEIRO;3,94494E+11;SECRETARIA DE GESTAO E ENSINO EM SEGURANCA PUBLICA;DF;NÃO CONTRIBUINTE;2 - OPERAÇÃO INTERESTADUAL;1 - CONSUMIDOR FINAL;9 - OPERAÇÃO NÃO PRESENCIAL, OUTROS;55000.0
4,12401E+43;55 - NF-E EMITIDA EM SUBSTITUIÇÃO AO MODELO 1 OU 1A;1;1082;Remessa;17/01/2024 10:54;Autorização de Uso;17/01/2024 10:54;5,36005E+12;TERRA SUL EDITORA LTDA;9045325501;PR;CURITIBA;3,78257E+11;FUNDO NACIONAL DE DESENVOLVIMENTO DA EDUCACAO;DF;NÃO CONTRIBUINTE;2 - OPERAÇÃO INTERESTADUAL;1 - CONSUMIDOR FINAL;9 - OPERAÇÃO NÃO PRESENCIAL, OUTROS;994.2
3,52401E+43;55 - NF-E EMITIDA EM SUBSTITUIÇÃO AO MODELO 1 OU 1A;1;365849;RETORNO DE MATERIAL DEPOSITADO EM ARMAZEM GERAL;16/01/2024 12:36;Autorização de Uso;16/01/2024 12:39;3,40283E+13;EMPRES BRASILEIRA DE CORREIOS E TELEGRAFOS;1,12389E+11;SP;CAJAMAR;3,78257E+11;FUNDO NACIONAL DE DESENVOLVIMENTO DA EDUCACAO;DF;NÃO CONTRIBUINTE;2 - OPERAÇÃO INTERESTADUAL;1 - CONSUMIDOR FINAL;0 - NÃO SE APLICA;134.65
3,52401E+43;55 - NF-E EMITIDA EM SUBSTITUIÇÃO AO MODELO 1 OU 1A;1;364908;RETORNO DE MATERIAL DEPOSITADO EM ARMAZEM GERAL;12/01/2024 15:34;Autorização de Uso;12/01/2024 16:45;3,40283E+13;EMPRES BRASILEIRA DE CORREIOS E TELEGRAFOS;1,12389E+11;SP;CAJAMAR;3,78257E+11;FUNDO NACIONAL DE DESENVOLVIMENTO DA EDUCACAO;DF;NÃO CONTRIBUINTE;2 - OPERAÇÃO INTERESTADUAL;1 - CONSUMIDOR FINAL;0 - NÃO SE APLICA;139.35
3,12401E+43;55 - NF-E EMITIDA EM SUBSTITUIÇÃO AO MODELO 1 OU 1A;1;80447;Remessa Mercad.Como S. Remessa Ref.a Faturamento de Venda;23/01/2024 09:48;Autorização de Uso;23/01/2024 09:49;5,73155E+12;WEBMED SOLUCOES EM SAUDE LTDA;3,67242E+12;MG;JUIZ DE FORA;3,56887E+12;HOSPITAL DAS FORCAS ARMADAS;DF;NÃO CONTRIBUINTE;2 - OPERAÇÃO INTERESTADUAL;1 - CONSUMIDOR FINAL;9 - OPERAÇÃO NÃO PRESENCIAL, OUTROS;16288.26
3,52402E+43;55 - NF-E EMITIDA EM SUBSTITUIÇÃO AO MODELO 1 OU 1A;100;16967;REMESSA - ENTREGA FUTURA;24/01/2024 15:05;Autorização de Uso;24/01/2024 15:05;6,11865E+13;EDITORA FTD S.A.;1,0464E+11;SP;SAO PAULO;3,78257E+11;FUNDO NACIONAL DE DESENVOLVIMENTO DA EDUCACAO;DF;NÃO CONTRIBUINTE;2 - OPERAÇÃO INTERESTADUAL;1 - CONSUMIDOR FINAL;9 - OPERAÇÃO NÃO PRESENCIAL, OUTROS;285773.95
3,32401E+43;55 - NF-E EMITIDA EM SUBSTITUIÇÃO AO MODELO 1 OU 1A;1;3859;VENDA;30/01/2024 13:18;Autorização de Uso;30/01/2024 13:26;1,37985E+13;VENTURA COMERCIO E SERVICOS DE AUTO LTDA;79457388;RJ;NOVA IGUACU;3,94502E+11;BATALHAO NAVAL;RJ;NÃO CONTRIBUINTE;1 - OPERAÇÃO INTERNA;1 - CONSUMIDOR FINAL;0 - NÃO SE APLICA;1203.34
1,12401E+43;55 - NF-E EMITIDA EM SUBSTITUIÇÃO AO MODELO 1 OU 1A;4;38329;Venda combust. lub Adq. Terceiros;29/01/2024 08:01;Autorização de Uso;29/01/2024 08:01;1,04731E+13;POSTO DE COMBUSTIVEL BECHI LTDA;1747321;RO;CACOAL;3,37871E+13;FUNDACAO INSTIT BRAS DE GEOGRAFIA E ESTATISTICA IBGE;RO;CONTRIBUINTE ISENTO;1 - OPERAÇÃO INTERNA;1 - CONSUMIDOR FINAL;1 - OPERAÇÃO PRESENCIAL;400.63
3,32401E+43;55 - NF-E EMITIDA EM SUBSTITUIÇÃO AO MODELO 1 OU 1A;1;19486;VENDA DE MERCADORIA;18/01/2024 14:45;Autorização de Uso;18/01/2024 14:45;5,05771E+12;RIOMAR 2001 DISTRIBUIDORA DE ALIMENTOS E DESCARTAVEIS LTDA;77387250;RJ;RIO DE JANEIRO;3,94502E+11;COMANDO DA MARINHA;DF;NÃO CONTRIBUINTE;1 - OPERAÇÃO INTERNA;1 - CONSUMIDOR FINAL;0 - NÃO SE APLICA;4829.0
3,52401E+43;55 - NF-E EMITIDA EM SUBSTITUIÇÃO AO MODELO 1 OU 1A;1;125025;VENDAS DE PRODUCAO DO ESTAB;05/01/2024 00:00;Autorização de Uso;05/01/2024 11:45;1,13924E+12;JOSE BAUER DE ATAYDE & CIA LTDA;7,60001E+11;SP;SANTO ANTONIO DO ARACANGUA;2,9979E+13;SUPERINTENDENCIA REGIONAL SUDESTE I;SP;NÃO CONTRIBUINTE;1 - OPERAÇÃO INTERNA;1 - CONSUMIDOR FINAL;0 - NÃO SE APLICA;1446.4
4,32401E+43;55 - NF-E EMITIDA EM SUBSTITUIÇÃO AO MODELO 1 OU 1A;0;726;Venda de mercadoria adq de terceiros, em venda a ordem;19/01/2024 15:42;Autorização de Uso;19/01/2024 15:42;4,21524E+13;C K COMERCIO DE FERRAGENS LTDA;390190012;RS;ERECHIM;7,51019E+13;UTFPR CAMPUS PATO BRANCO;PR;NÃO CONTRIBUINTE;2 - OPERAÇÃO INTERESTADUAL;1 - CONSUMIDOR FINAL;1 - OPERAÇÃO PRESENCIAL;6750.0
4,12401E+43;55 - NF-E EMITIDA EM SUBSTITUIÇÃO AO MODELO 1 OU 1A;1;479;VENDA DE MERCADORIA ADQUIRIDA OU RECEBIDA DE TERCEIROS;22/01/2024 11:05;Autorização de Uso;22/01/2024 11:05;3,01023E+13;WIDETECH AUTOMACAO LTDA;9078997998;PR;ARAUCARIA;1,06959E+13;INSTITUTO FEDERAL DE EDUCACAO CIENCIA E TECNOLOGIA DO TRIANG;MG;NÃO CONTRIBUINTE;2 - OPERAÇÃO INTERESTADUAL;1 - CONSUMIDOR FINAL;1 - OPERAÇÃO PRESENCIAL;700.0
3,52402E+43;55 - NF-E EMITIDA EM SUBSTITUIÇÃO AO MODELO 1 OU 1A;1;68300;REMESSA CONTA E ORDEM DE TERCEIROS;11/01/2024 15:56;Autorização de Uso;11/01/2024 15:57;6,21363E+13;EDITORA MODERNA LTDA.;7,96239E+11;SP;GUARULHOS;3,78257E+11;FUNDO NACIONAL DE DESENVOLVIMENTO DA EDUCACAO;DF;NÃO CONTRIBUINTE;2 - OPERAÇÃO INTERESTADUAL;1 - CONSUMIDOR FINAL;0 - NÃO SE APLICA;1126.88
3,12401E+43;55 - NF-E EMITIDA EM SUBSTITUIÇÃO AO MODELO 1 OU 1A;1;674;Remessa para industrializacao;10/01/2024 08:27;Autorização de Uso;10/01/2024 08:28;2,38868E+13;PENTAGGONO INDUSTRIAL EXPORTADORA LTDA;6,25685E+11;MG;BELO HORIZONTE;4,02552E+11;CENTRO DE DESENVOLVIMENTO DA TECNOLOGIA NUCLEAR;MG;CONTRIBUINTE ICMS;1 - OPERAÇÃO INTERNA;0 - NORMAL;0 - NÃO SE APLICA;16200.0
2,52401E+43;55 - NF-E EMITIDA EM SUBSTITUIÇÃO AO MODELO 1 OU 1A;1;776;VENDA DE MERCADORIA ADQUIRIDA OU RECEBIDA DE TERCEIROS;09/01/2024 10:16;Autorização de Uso;09/01/2024 10:20;2,60447E+13;MATHEUS MED COMERCIO DE ARTIGOS MEDICOS LTDA;162790775;PB;JOAO PESSOA;3,56887E+12;HOSPITAL DAS FORCAS ARMADAS;DF;NÃO CONTRIBUINTE;2 - OPERAÇÃO INTERESTADUAL;1 - CONSUMIDOR FINAL;1 - OPERAÇÃO PRESENCIAL;8000.0
3,52401E+43;55 - NF-E EMITIDA EM SUBSTITUIÇÃO AO MODELO 1 OU 1A;1;401949;VENDA MERC. ADQ. REC. TERC. REM. ANT. CONS. MERC.;09/01/2024 12:40;Autorização de Uso;09/01/2024 12:41;1,7728E+12;MEDTRONIC COMERCIAL LTDA.;4,9295E+11;SP;OSASCO;1,51807E+13;UNIVERSIDADE FEDERAL DA BAHIA;BA;NÃO CONTRIBUINTE;2 - OPERAÇÃO INTERESTADUAL;1 - CONSUMIDOR FINAL;9 - OPERAÇÃO NÃO PRESENCIAL, OUTROS;6300.0
3,52401E+43;55 - NF-E EMITIDA EM SUBSTITUIÇÃO AO MODELO 1 OU 1A;1;1105;Vendas;15/01/2024 08:00;Autorização de Uso;15/01/2024 18:40;3,23669E+13;EDGAR HERRERA PEREIRA;6,33838E+11;SP;SANTOS;9,57797E+12;SEGUNDO GRUPO DE ARTILHARIA ANTIAEREA;SP;NÃO CONTRIBUINTE;1 - OPERAÇÃO INTERNA;1 - CONSUMIDOR FINAL;0 - NÃO SE APLICA;1497.6
3,52402E+43;55 - NF-E EMITIDA EM SUBSTITUIÇÃO AO MODELO 1 OU 1A;4;135717;Venda de mercadoria adquirida ou recebida de terceiros;29/01/2024 10:01;Autorização de Uso;29/01/2024 10:02;5,83097E+13;CHEMYUNION LTDA;6,69167E+11;SP;SOROCABA;3,37811E+13;INSTITUTO DE TECNOLOGIA EM FÁRMACOS;RJ;CONTRIBUINTE ICMS;2 - OPERAÇÃO INTERESTADUAL;0 - NORMAL;0 - NÃO SE APLICA;1292418.75